Kurs;Tag_Nr;Tag_Titel;Gruppe_Key;Gruppe_Label;Rolle;Level;Woche;Frage_Nr;Kategorie;Frage;Anzahl_Optionen;Richtige_Antworten;Schwierigkeit;Erklaerung;Quelle;Quelle_URL;Option_A;Option_B;Option_C;Option_D;Korrekte_Optionen
KI-Beauftragter (TÜV-Fragenpool);;Prompting & Kommunikation;tuev;TÜV-Fragenpool;;;;01;Prompting & Kommunikation;Welche Besonderheiten gelten beim Prompting für Bildgenerierung im Vergleich zu Textgenerierung?;4;2;Mittel;;KIB_Fragenpool_Juni_2026.pdf · Prof. Kommunikation_Promt._01;;Bei der Formulierung des gewünschten Outputs kann man auf Angaben verzichten, da das Bildformat automatisch generiert wird;Reine narrative Formulierungen ohne visuelle Details;Aufnahme von Szenenbeschreibungen mit Objekten und deren Beziehungen;Nutzung visueller Attribute wie Farben, Stile und Perspektiven;C, D
KI-Beauftragter (TÜV-Fragenpool);;Prompting & Kommunikation;tuev;TÜV-Fragenpool;;;;02;Prompting & Kommunikation;Welche Prompting-Strategien führen typischerweise zu besseren Ergebnissen in der Textgenerierung?;4;2;Mittel;;KIB_Fragenpool_Juni_2026.pdf · Prof. Kommunikation_Promt._02;;Iteratives Verfeinern der Prompts;Völliger Verzicht auf Beispiele, um die KI nicht einzuschränken;Nutzung klarer Rollenbeschreibungen („Du bist …“);Bewusst unstrukturierte Prompts, damit die KI kreativer wird;A, C
KI-Beauftragter (TÜV-Fragenpool);;Prompting & Kommunikation;tuev;TÜV-Fragenpool;;;;03;Prompting & Kommunikation;Ein Marketing-Team testet verschiedene Prompt-Varianten. Welche Arten von Prompting sind in der Praxis am verbreitetsten?;4;3;Komplex;;KIB_Fragenpool_Juni_2026.pdf · Prof. Kommunikation_Promt._03;;Zero-Shot-Prompting (keine Beispiele, nur Aufgabe);Multi-Prompting mit zufälligen Anweisungen ohne Struktur;Few-Shot-Prompting (mit wenigen Beispielen);Chain-of-Thought-Prompting (Schritt-für-Schritt-Anleitung);A, C, D
KI-Beauftragter (TÜV-Fragenpool);;Prompting & Kommunikation;tuev;TÜV-Fragenpool;;;;04;Prompting & Kommunikation;In welchem Szenario ist Few-Shot-Prompting besonders nützlich?;4;2;Mittel;;KIB_Fragenpool_Juni_2026.pdf · Prof. Kommunikation_Promt._04;;Wenn man ausschließlich Bilder generieren möchte;Wenn es keine relevanten Beispieldaten gibt;Wenn Konsistenz über verschiedene Ausgaben hinweg wichtig ist;Wenn die KI ein Format anhand weniger Beispiele lernen soll;C, D
KI-Beauftragter (TÜV-Fragenpool);;Prompting & Kommunikation;tuev;TÜV-Fragenpool;;;;05;Prompting & Kommunikation;Welche fortgeschrittenen Prompting-Methoden helfen, komplexe Aufgaben besser zu strukturieren?;4;2;Mittel;;KIB_Fragenpool_Juni_2026.pdf · Prof. Kommunikation_Promt._05;;Conversational-Prompting;Self-Consistency (Vergleich mehrerer Outputs);Role-Prompting (der KI eine spezifische Identität geben);Chain-of-Thought (Erzwingen logischer Zwischenschritte);B, D
KI-Beauftragter (TÜV-Fragenpool);;Prompting & Kommunikation;tuev;TÜV-Fragenpool;;;;06;Prompting & Kommunikation;Welche Elemente gehören zu den Schlüsselkomponenten eines effektiven Prompts?;4;3;Komplex;;KIB_Fragenpool_Juni_2026.pdf · Prof. Kommunikation_Promt._06;;Erwartetes Ausgabeformat;Einbettung von Kontextinformationen;Klare Aufgabenbeschreibung;Die genauen Angaben zu Datum und Uhrzeit des Prompts;A, B, C
KI-Beauftragter (TÜV-Fragenpool);;Prompting & Kommunikation;tuev;TÜV-Fragenpool;;;;07;Prompting & Kommunikation;Ein Unternehmen möchte die Qualität seiner KI-Ausgaben verbessern. Welche Prompt-Komponenten sind dabei besonders hilfreich?;4;3;Komplex;;KIB_Fragenpool_Juni_2026.pdf · Prof. Kommunikation_Promt._07;;Angaben zum Kontext und dem gewünschten Ergebnis;Bewusster Verzicht auf Struktur, damit die KI „frei“ antwortet;Angabe von Beispielen für gewünschte Antworten;Vorgaben für Stil oder Tonalität;A, C, D
KI-Beauftragter (TÜV-Fragenpool);;Prompting & Kommunikation;tuev;TÜV-Fragenpool;;;;08;Prompting & Kommunikation;Worin liegt der Unterschied zwischen einem schwach formulierten und einem starken Prompt?;4;2;Mittel;;KIB_Fragenpool_Juni_2026.pdf · Prof. Kommunikation_Promt._08;;Schwache Prompts liefern meist präzisere Ergebnisse;Schwache Prompts enthalten oft unpräzise oder mehrdeutige Formulierungen;Starke Prompts verzichten auf Beispiele;Starke Prompts definieren klar den Kontext;B, D
KI-Beauftragter (TÜV-Fragenpool);;Prompting & Kommunikation;tuev;TÜV-Fragenpool;;;;09;Prompting & Kommunikation;Welche Komponenten erhöhen die Reproduzierbarkeit von KI-Ausgaben am stärksten?;4;3;Komplex;;KIB_Fragenpool_Juni_2026.pdf · Prof. Kommunikation_Promt._09;;Exakte Vorgabe des gewünschten Ausgabeformats;Die Fixierung von Modellparametern wie der 'Temperature' auf einen Wert nahe Null sowie die Festlegung eines einheitlichen 'Seed';Die einmalige Hinterlegung der Präferenzen und Custom Instructions im KI-Tool;Klare Definition von Eingabeparametern;A, B, D
KI-Beauftragter (TÜV-Fragenpool);;Prompting & Kommunikation;tuev;TÜV-Fragenpool;;;;10;Prompting & Kommunikation;Ein Team möchte Textgenerierung optimieren. Welche Prompting-Methoden sind hier besonders hilfreich?;4;3;Komplex;;KIB_Fragenpool_Juni_2026.pdf · Prof. Kommunikation_Promt._10;;Zufällige Schlagwortlisten ohne Zusammenhang;Beispiele für gewünschte Schreibweise einfügen;Vorgabe der Textlänge oder Struktur (z. B. Überschriften);Angabe von Stilvorgaben (z. B. „formell“, „prägnant“);B, C, D
KI-Beauftragter (TÜV-Fragenpool);;Rechtliche Grundlagen & Compliance;tuev;TÜV-Fragenpool;;;;01;Rechtliche Grundlagen & Compliance;Welche Kernaufgaben gehören zur Rolle von KI-Beauftragten im Unternehmen?;4;3;Komplex;;KIB_Fragenpool_Juni_2026.pdf · Rechtliche Grundl._Compl._01;;Entwicklung einer internen KI-Compliance-Strategie;Schnittstellenfunktion zwischen IT, Fachbereichen und Datenschutz;Operative Umsetzung aller Programmieraufgaben;Überwachung der rechtssicheren Einführung und Nutzung von KI-Systemen;A, B, D
KI-Beauftragter (TÜV-Fragenpool);;Rechtliche Grundlagen & Compliance;tuev;TÜV-Fragenpool;;;;02;Rechtliche Grundlagen & Compliance;Wodurch unterscheidet sich die Rolle von KI-Beauftragten zu klassischen IT-Sicherheitsbeauftragten?;4;2;Mittel;;KIB_Fragenpool_Juni_2026.pdf · Rechtliche Grundl._Compl._02;;Beide Rollen sind identisch;KI-Beauftragte fokussieren sich auf rechtliche & ethische Aspekte von KI;IT-Sicherheitsbeauftragte kümmern sich primär um Netzwerke und IT-Systeme;KI-Beauftragte übernehmen ausschließlich Budget- und Ressourcenplanung;B, C
KI-Beauftragter (TÜV-Fragenpool);;Rechtliche Grundlagen & Compliance;tuev;TÜV-Fragenpool;;;;03;Rechtliche Grundlagen & Compliance;Ein Unternehmen möchte die Rolle der KI-Beauftragten definieren. Welche Kompetenzen sind dafür besonders relevant?;4;3;Komplex;;KIB_Fragenpool_Juni_2026.pdf · Rechtliche Grundl._Compl._03;;Tiefgehende Programmierkenntnisse;Wissen über rechtliche Rahmenbedingungen;Kommunikations- und Schnittstellenkompetenz;Grundlagen in Datenethik und Risikomanagement;B, C, D
KI-Beauftragter (TÜV-Fragenpool);;Rechtliche Grundlagen & Compliance;tuev;TÜV-Fragenpool;;;;04;Rechtliche Grundlagen & Compliance;In welchem Szenario ist die Rolle von KI-Beauftragten besonders wichtig?;4;3;Komplex;;KIB_Fragenpool_Juni_2026.pdf · Rechtliche Grundl._Compl._04;;Kreative Brainstorming-Sitzungen mit der Geschäftsleitung ohne technische Umsetzung;Einführung eines KI-Systems mit personenbezogenen Daten;Bei der Entwicklung von klassischen Automatisierungsprozessen;Aufbau eines Governance-Frameworks für KI-Systeme im Unternehmen;B, D
KI-Beauftragter (TÜV-Fragenpool);;Rechtliche Grundlagen & Compliance;tuev;TÜV-Fragenpool;;;;05;Rechtliche Grundlagen & Compliance;Welche rechtlichen Vorgaben sind für den Einsatz von KI-Systemen in Europa besonders relevant?;4;3;Komplex;;KIB_Fragenpool_Juni_2026.pdf · Rechtliche Grundl._Compl._05;;EU AI Act;Allgemeines Gleichbehandlungsgesetz (AGG);Handelsgesetzbuch (HGB);Datenschutz-Grundverordnung (DSGVO);A, B, D
KI-Beauftragter (TÜV-Fragenpool);;Rechtliche Grundlagen & Compliance;tuev;TÜV-Fragenpool;;;;06;Rechtliche Grundlagen & Compliance;Welche Haftungsfragen können beim Einsatz von KI eine Rolle spielen?;4;3;Komplex;;KIB_Fragenpool_Juni_2026.pdf · Rechtliche Grundl._Compl._06;;Persönliche Haftung von Entwickler:innen bei fehlerhafter Programmierung;Produkthaftung bei fehlerhaften KI-Ergebnissen;Haftung für fehlerhafte Entscheidungen durch automatisierte Systeme;Urheberrechtliche Fragen bei generierten Inhalten;B, C, D
KI-Beauftragter (TÜV-Fragenpool);;Rechtliche Grundlagen & Compliance;tuev;TÜV-Fragenpool;;;;07;Rechtliche Grundlagen & Compliance;In welchem Bereich greift die DSGVO unmittelbar beim Einsatz von KI-Systemen?;4;2;Mittel;;KIB_Fragenpool_Juni_2026.pdf · Rechtliche Grundl._Compl._07;;Informationspflichten gegenüber betroffenen Personen;Bei der ausschließlichen Verarbeitung von vollständig und unwiderruflich anonymisierten Maschinendaten zur vorausschauenden Wartung (Predictive Maintenance);Erstellung anonymer synthetischer Testdaten;Recht auf Auskunft und Löschung von personenbezogenen Daten;A, D
KI-Beauftragter (TÜV-Fragenpool);;Rechtliche Grundlagen & Compliance;tuev;TÜV-Fragenpool;;;;08;Rechtliche Grundlagen & Compliance;Welche urheberrechtlichen Fragen stellen sich bei generativen KI-Systemen?;4;3;Komplex;;KIB_Fragenpool_Juni_2026.pdf · Rechtliche Grundl._Compl._08;;KI-generierte Inhalte sind automatisch gemeinfrei;Die Verwendung urheberrechtlich geschützter Trainingsdaten kann problematisch sein;Schutzrechte an KI-generierten Werken sind derzeit rechtlich umstritten;Urheberrechte sind ausschließlich auf menschliche Schöpfung zugeschnitten;B, C, D
KI-Beauftragter (TÜV-Fragenpool);;Rechtliche Grundlagen & Compliance;tuev;TÜV-Fragenpool;;;;09;Rechtliche Grundlagen & Compliance;Welche Elemente gehören typischerweise zu einer KI-Compliance-Strategie?;4;2;Mittel;;KIB_Fragenpool_Juni_2026.pdf · Rechtliche Grundl._Compl._09;;Regelmäßige Audits zur Überprüfung von Bias und Fairness;Klare Richtlinien für den Umgang mit Trainings- und Nutzungsdaten;Ein allgemeiner Haftungsausschluss für alle Mitarbeitenden für den Schadensfall;Vollständiger Verzicht auf Dokumentation, um Prozesse zu beschleunigen;A, B
KI-Beauftragter (TÜV-Fragenpool);;Rechtliche Grundlagen & Compliance;tuev;TÜV-Fragenpool;;;;10;Rechtliche Grundlagen & Compliance;Welche Governance-Maßnahmen sichern die Verantwortlichkeit im Umgang mit KI-Systemen?;4;2;Mittel;;KIB_Fragenpool_Juni_2026.pdf · Rechtliche Grundl._Compl._10;;Festlegung klarer Rollen und Verantwortlichkeiten;Abgabe aller Entscheidungen ausschließlich an externe Dienstleistende und SaaS-Anbieter:innen;Etablierung von Eskalations- und Kontrollmechanismen;Vollständige Automatisierung ohne menschliche Aufsicht;A, C
KI-Beauftragter (TÜV-Fragenpool);;Rechtliche Grundlagen & Compliance;tuev;TÜV-Fragenpool;;;;11;Rechtliche Grundlagen & Compliance;Ein Unternehmen möchte die Dokumentationspflichten im Sinne des AI Act erfüllen. Welche Maßnahmen sind erforderlich?;4;2;Mittel;;KIB_Fragenpool_Juni_2026.pdf · Rechtliche Grundl._Compl._11;;Klare Aufzeichnungen zu Risikobewertungen und Tests;Abgabe der Verantwortung an Nutzer:innen, ohne interne Nachweise;Nachvollziehbare Dokumentation von Trainingsdaten und Zwecken;Jeder Chat und jede Anmeldung bei einem KI-Tool wird gespeichert und ausgewertet;A, C
KI-Beauftragter (TÜV-Fragenpool);;Rechtliche Grundlagen & Compliance;tuev;TÜV-Fragenpool;;;;12;Rechtliche Grundlagen & Compliance;Welche Transparenzpflichten ergeben sich für Unternehmen beim Einsatz von KI-Systemen?;4;2;Mittel;;KIB_Fragenpool_Juni_2026.pdf · Rechtliche Grundl._Compl._12;;Information der Nutzer:innen über Einsatz und Funktionsweise der Systeme;Alleinige Kommunikation gegenüber internen Abteilungen, nicht extern;Offenlegung der Grenzen und Risiken des Systems;Keine, da die Geheimhaltung einer KI-Strategie dafür gedacht ist, die Wettbewerbsvorteile zu sichern;A, C
KI-Beauftragter (TÜV-Fragenpool);;Risikomanagement & Datenschutz;tuev;TÜV-Fragenpool;;;;01;Risikomanagement & Datenschutz;Welche Risikoarten sind in der KI-gestützten Kreditvergabe besonders relevant?;4;3;Komplex;;KIB_Fragenpool_Juni_2026.pdf · Risikomanagement_Datensch._01;;Ethische Risiken durch intransparente Entscheidungen;Bias-Risiken (Benachteiligung bestimmter Personengruppen);Risiko für technische Fehler in Datenverarbeitung/Modellbetrieb;Erhöhte Stromkosten durch Serverbetrieb und somit die Kostensteigerung;A, B, C
KI-Beauftragter (TÜV-Fragenpool);;Risikomanagement & Datenschutz;tuev;TÜV-Fragenpool;;;;02;Risikomanagement & Datenschutz;Welche Dimensionen gehören typischerweise in eine Risikobewertung für KI?;4;2;Mittel;;KIB_Fragenpool_Juni_2026.pdf · Risikomanagement_Datensch._02;;Eintrittswahrscheinlichkeit;Meinungen einzelner Entwickler:innen;Schadenshöhe/Tragweite;Projektbudget als Ersatz für Risikoabschätzung;A, C
KI-Beauftragter (TÜV-Fragenpool);;Risikomanagement & Datenschutz;tuev;TÜV-Fragenpool;;;;03;Risikomanagement & Datenschutz;Wo stößt eine klassische Risikomatrix bei KI-Systemen an Grenzen?;4;3;Komplex;;KIB_Fragenpool_Juni_2026.pdf · Risikomanagement_Datensch._03;;Eine Risikomatrix berücksichtigt grundsätzlich alle betriebswirtschaftlichen Faktoren;Selbstlernende Modelle verändern Risiken im Zeitverlauf;Dynamische Weiterentwicklung erschwert statische Bewertungen;Nicht-monetäre Effekte (Ethik, Reputation) sind schwer zu quantifizieren;B, C, D
KI-Beauftragter (TÜV-Fragenpool);;Risikomanagement & Datenschutz;tuev;TÜV-Fragenpool;;;;04;Risikomanagement & Datenschutz;Welche Punkte sind Fehler in der Risikobewertung von KI-Systemen?;4;2;Mittel;;KIB_Fragenpool_Juni_2026.pdf · Risikomanagement_Datensch._04;;Vernachlässigung regulatorischer Anforderungen;Einbezug mehrerer Stakeholder:innen in Workshops;Fehlende Definition von Kontrollen und kontinuierlichem Monitoring;Nutzung klarer, verbindlicher Bewertungsmaßstäbe;A, C
KI-Beauftragter (TÜV-Fragenpool);;Risikomanagement & Datenschutz;tuev;TÜV-Fragenpool;;;;05;Risikomanagement & Datenschutz;Welche Anforderungen der DSGVO sind für KI-Systeme besonders relevant?;4;3;Komplex;;KIB_Fragenpool_Juni_2026.pdf · Risikomanagement_Datensch._05;;Datenminimierung – nur notwendige personenbezogene Daten verarbeiten;Recht auf Auskunft und Löschung von personenbezogenen Daten;Transparenzpflicht – Betroffene über Zweck und Nutzung informieren;Unbegrenzte Speicherung sämtlicher Daten um das KI-Tool zu trainieren;A, B, C
KI-Beauftragter (TÜV-Fragenpool);;Risikomanagement & Datenschutz;tuev;TÜV-Fragenpool;;;;06;Risikomanagement & Datenschutz;Ein Unternehmen betreibt ein KI-System in der Cloud. Welche Maßnahmen zählen zu technischen und organisatorischen Maßnahmen (TOMs) für Datensicherheit?;4;2;Mittel;;KIB_Fragenpool_Juni_2026.pdf · Risikomanagement_Datensch._06;;Rollenbasierte Zugriffskontrollen;Verzicht auf regelmäßige Backups, um Speicherplatz zu sparen;Einsatz von Firewalls und Monitoring-Systemen;Verschlüsselung gespeicherter und übertragener Daten;A, D
KI-Beauftragter (TÜV-Fragenpool);;Risikomanagement & Datenschutz;tuev;TÜV-Fragenpool;;;;07;Risikomanagement & Datenschutz;In einem KI-Projekt kommt es zu einer Datenpanne. Welche Schritte sind rechtlich notwendig?;4;2;Mittel;;KIB_Fragenpool_Juni_2026.pdf · Risikomanagement_Datensch._07;;Nur die relevanten Stakeholder:innen einbeziehen, da sonst die Akzeptanz in der Belegschaft sinkt und das KI-Projekt scheitert;Benachrichtigung der betroffenen Personen, wenn ein hohes Risiko besteht;Meldung an die Aufsichtsbehörde innerhalb von 72 Stunden;Vollständige Offenlegung aller Unternehmensdatenbanken;B, C
KI-Beauftragter (TÜV-Fragenpool);;Risikomanagement & Datenschutz;tuev;TÜV-Fragenpool;;;;08;Risikomanagement & Datenschutz;Welche Maßnahmen fördern ethischen Datenschutz in KI-Systemen?;4;3;Komplex;;KIB_Fragenpool_Juni_2026.pdf · Risikomanagement_Datensch._08;;Klare Regeln für die Nutzung sensibler Daten;Einbezug ethischer Leitlinien in die Datenverarbeitung;Das regelmäßige Aufzeigen von Negativbeispielen in Bezug auf Datenschutz;Regelmäßige Überprüfung der Systeme auf Datenmissbrauch;A, B, D
KI-Beauftragter (TÜV-Fragenpool);;Risikomanagement & Datenschutz;tuev;TÜV-Fragenpool;;;;09;Risikomanagement & Datenschutz;Ein Unternehmen bewertet KI-Risiken mit einer Risikomatrix. Welche Vorgehensweisen sind dabei sinnvoll?;4;2;Mittel;;KIB_Fragenpool_Juni_2026.pdf · Risikomanagement_Datensch._09;;Vollständige Delegation an externe Anbieter:innen ohne interne Bewertung. Externe Anbieter:innen machen die Bewertung selbst.;Regelmäßige Aktualisierung der Matrix bei Systemänderungen;Einordnung von Risiken nach Eintrittswahrscheinlichkeit und Auswirkung;Schwer quantifizierbare Risiken können vernachlässigt werden.;B, C
KI-Beauftragter (TÜV-Fragenpool);;Risikomanagement & Datenschutz;tuev;TÜV-Fragenpool;;;;10;Risikomanagement & Datenschutz;Welche Maßnahmen gehören in einen konkreten Handlungsplan, wenn KI-Risiken identifiziert wurden?;4;2;Mittel;;KIB_Fragenpool_Juni_2026.pdf · Risikomanagement_Datensch._10;;Festlegung von Verantwortlichkeiten für jede Maßnahme;Definition von Eskalationswegen bei Eintritt kritischer Risiken;Dokumentation geplanter und umgesetzter Schritte;Verzicht auf Maßnahmen, wenn Risiken nur potenziell bestehen;A, C
KI-Beauftragter (TÜV-Fragenpool);;Risikomanagement & Datenschutz;tuev;TÜV-Fragenpool;;;;11;Risikomanagement & Datenschutz;Welche Transparenzmaßnahmen stärken Vertrauen in KI-Anwendungen?;4;3;Komplex;;KIB_Fragenpool_Juni_2026.pdf · Risikomanagement_Datensch._11;;Bewusste Geheimhaltung von Fehlern, um kritische Fragen zu vermeiden;Klare Kommunikation gegenüber Anwender:innen über Grenzen des Systems;Periodische Berichte über Monitoring- und Kontrollprozesse;Nachvollziehbare Dokumentation der Entscheidungslogik;B, C, D
KI-Beauftragter (TÜV-Fragenpool);;Risikomanagement & Datenschutz;tuev;TÜV-Fragenpool;;;;12;Risikomanagement & Datenschutz;Ein Unternehmen möchte die Transparenz bei der Nutzung von KI-Chatbots erhöhen. Welche Schritte sind geeignet?;4;3;Komplex;;KIB_Fragenpool_Juni_2026.pdf · Risikomanagement_Datensch._12;;Den ChatBots klar erkennbare KI-Namen geben um Transparenz zu wahren;Schulung von Angestellten, um Fragen zur Funktionsweise beantworten zu können;Deutliche Kennzeichnung, dass es sich um eine KI handelt;Bereitstellung von Informationen zu Datenquellen und Trainingsmethoden;B, C, D
KI-Beauftragter (TÜV-Fragenpool);;Projektmanagement & Qualitätssicherung;tuev;TÜV-Fragenpool;;;;01;Projektmanagement & Qualitätssicherung;Welche Vorgehensweisen sichern eine effektive Einbindung von Stakeholder:innen in KI-Projekten?;4;3;Komplex;;KIB_Fragenpool_Juni_2026.pdf · PM_Qualitätssicherung_01;;Frühzeitige Identifikation von Interessen und Erwartungen;Einrichtung eines transparenten Kommunikations- und Feedback-Prozesses;Stakeholder:innen sollen erst dann eingebunden werden, wenn die ersten positiven Ergebnisse mit KI erzielt wurden;Regelmäßige Reviews und Demos;A, B, D
KI-Beauftragter (TÜV-Fragenpool);;Projektmanagement & Qualitätssicherung;tuev;TÜV-Fragenpool;;;;02;Projektmanagement & Qualitätssicherung;Wodurch unterscheiden sich KI-Projekte von klassischen IT-Projekten?;4;3;Komplex;;KIB_Fragenpool_Juni_2026.pdf · PM_Qualitätssicherung_02;;Modelle müssen kontinuierlich überwacht und nachtrainiert werden;Hoher Datenfokus und Abhängigkeit von Datenqualität;Ergebnisse sind oft probabilistisch statt deterministisch;KI-Projekte können vollständig ohne Pilotphasen umgesetzt werden;A, B, C
KI-Beauftragter (TÜV-Fragenpool);;Projektmanagement & Qualitätssicherung;tuev;TÜV-Fragenpool;;;;03;Projektmanagement & Qualitätssicherung;Welche Fehler treten typischerweise bei der Planung von KI-Projekten auf?;4;3;Komplex;;KIB_Fragenpool_Juni_2026.pdf · PM_Qualitätssicherung_03;;Fehlende Risikobetrachtung bei rechtlichen Rahmenbedingungen;Die Annahme, dass Datenqualität keine Rolle spielt;Bewusste Integration von Iterationen und Feedbackschleifen in den Ablauf;Keine klare Definition von Zielen und Erfolgskriterien;A, B, D
KI-Beauftragter (TÜV-Fragenpool);;Projektmanagement & Qualitätssicherung;tuev;TÜV-Fragenpool;;;;04;Projektmanagement & Qualitätssicherung;Welche Kriterien sichern einen strukturierten Abnahmeprozess für KI-Projekte?;4;3;Komplex;;KIB_Fragenpool_Juni_2026.pdf · PM_Qualitätssicherung_04;;Verzicht auf Nutzertests, da Entwickler:innen die UX am besten kennen;Integration der Ergebnisse in das Projektcontrolling;Klare Definition von Abnahmekriterien;Nachvollziehbare Dokumentation der Testergebnisse;B, C, D
KI-Beauftragter (TÜV-Fragenpool);;Projektmanagement & Qualitätssicherung;tuev;TÜV-Fragenpool;;;;05;Projektmanagement & Qualitätssicherung;In einem Pilotprojekt zeigt das KI-System abweichende Ergebnisse. Welche Schritte gehören in den QS-Prozess?;4;2;Mittel;;KIB_Fragenpool_Juni_2026.pdf · PM_Qualitätssicherung_05;;Ursachenanalyse und Nachtraining mit verbesserten Daten;Feedbackschleifen mit Fachabteilungen zur Validierung der Ergebnisse;Vergleich der Ergebnisse mit dem Wettbewerb;Sofortiger Abbruch des Projekts ohne Problemlösungsanalyse, da dies Zeit und Geld spart;A, B
KI-Beauftragter (TÜV-Fragenpool);;Projektmanagement & Qualitätssicherung;tuev;TÜV-Fragenpool;;;;06;Projektmanagement & Qualitätssicherung;Welche Fehler gefährden die Qualitätssicherung in KI-Projekten am stärksten?;4;2;Mittel;;KIB_Fragenpool_Juni_2026.pdf · PM_Qualitätssicherung_06;;Fehlende Einbindung von Endanwender:innen in die Testphase;Strukturierte Durchführung von Lasttests;Ausführliche Testabdeckung mit realistischen Szenarien;Einsatz synthetischer Daten ohne Realitätsbezug;A, D
KI-Beauftragter (TÜV-Fragenpool);;Projektmanagement & Qualitätssicherung;tuev;TÜV-Fragenpool;;;;07;Projektmanagement & Qualitätssicherung;Was für Schritte gehören in eine systematische Stakeholder-Analyse für ein KI-Projekt?;4;2;Mittel;;KIB_Fragenpool_Juni_2026.pdf · PM_Qualitätssicherung_07;;Identifikation irrelevanter Stakeholder:innen und ihrer Kommunikationswege;Stakeholderanalyse während des KI-Projekts erarbeiten um bereits Ergebnisse zu präsentieren;Priorisierung nach Einfluss und Betroffenheit;Dokumentation von Erwartungen und möglichen Konflikten;C, D
KI-Beauftragter (TÜV-Fragenpool);;Projektmanagement & Qualitätssicherung;tuev;TÜV-Fragenpool;;;;08;Projektmanagement & Qualitätssicherung;Welche Kommunikationsansätze unterstützen die Akzeptanz von KI-Projekten?;4;2;Mittel;;KIB_Fragenpool_Juni_2026.pdf · PM_Qualitätssicherung_08;;Frühe, transparente Kommunikation über Ziele und Risiken;Regelmäßige Updates in verständlicher Sprache;Ausschließliche Kommunikation in Fachjargon um Professionalität auszudrücken;Klare Roadmap mit genauen Angaben zu Sanktionen und Strafen. So wird Sicherheit und Klarheit geschaffen.;A, B
KI-Beauftragter (TÜV-Fragenpool);;Projektmanagement & Qualitätssicherung;tuev;TÜV-Fragenpool;;;;09;Projektmanagement & Qualitätssicherung;Was für Maßnahmen gehören zu einem effektiven Schulungskonzept für KI-Projekte?;4;3;Komplex;;KIB_Fragenpool_Juni_2026.pdf · PM_Qualitätssicherung_09;;Kontinuierliche Weiterbildungsangebote nach Projektabschluss;Praxisnahe Trainings mit realen Anwendungsfällen;Zielgruppenspezifische Schulungsmodule (Fachbereich, Management etc.);Selbststudien ohne Live-Begleitung;A, B, C
KI-Beauftragter (TÜV-Fragenpool);;Projektmanagement & Qualitätssicherung;tuev;TÜV-Fragenpool;;;;10;Projektmanagement & Qualitätssicherung;In einem Unternehmen äußern Angestellte Unsicherheiten zu KI. Welche Schulungs- und Kommunikationsmaßnahmen sind am wirksamsten?;4;2;Mittel;;KIB_Fragenpool_Juni_2026.pdf · PM_Qualitätssicherung_10;;"Die Unsicherheiten als ""nicht wahr"" einordnen da diese unbegründet sind";Selbstlernkurse im Intranet, die jede:r Mitarbeiter:in absolvieren muss;Kombination aus Trainings, Q&A-Sessions und transparenten Infos;Einbindung von Multiplikatoren aus den Fachbereichen;C, D
KI-Beauftragter (TÜV-Fragenpool);;Daten, Change-Management & Skalierung;tuev;TÜV-Fragenpool;;;;01;Daten, Change-Management & Skalierung;Ein Unternehmen möchte ein KI-Modell für Prognosen einsetzen. Was sind typische Indikatoren für hohe Datenqualität?;4;2;Mittel;;KIB_Fragenpool_Juni_2026.pdf · Daten_Change-Management_Skalierung_01;;Vollständigkeit und Konsistenz der Datensätze;Aktualität und Genauigkeit der Informationen;Zufällige Vermischung von Datenquellen;Große Datenmenge ohne Konzentration auf Relevanz;A, B
KI-Beauftragter (TÜV-Fragenpool);;Daten, Change-Management & Skalierung;tuev;TÜV-Fragenpool;;;;02;Daten, Change-Management & Skalierung;Inwiefern beeinflusst die Datenintegrität die Zuverlässigkeit von KI-Systemen?;4;2;Mittel;;KIB_Fragenpool_Juni_2026.pdf · Daten_Change-Management_Skalierung_02;;Integrität spielt nur bei analogen Prozessen eine Rolle;Fehlende Prüfsummen oder Logs gefährden Nachvollziehbarkeit;KI-Systeme funktionieren unabhängig von Datenintegrität;Manipulationssichere Speicherung erhöht Vertrauen in Ergebnisse;B, D
KI-Beauftragter (TÜV-Fragenpool);;Daten, Change-Management & Skalierung;tuev;TÜV-Fragenpool;;;;03;Daten, Change-Management & Skalierung;Welche Fehler treten häufig auf, wenn Unternehmen ein Daten-Governance-Framework einführen?;4;3;Komplex;;KIB_Fragenpool_Juni_2026.pdf · Daten_Change-Management_Skalierung_03;;Einfache Prozesse für Monitoring und Qualitätssicherung;Unklare Verantwortlichkeiten im Datenmanagement;Reine Fokussierung auf IT-Aspekte, ohne Fachbereiche einzubinden;Fehlende Standards für Datenklassifikation;B, C, D
KI-Beauftragter (TÜV-Fragenpool);;Daten, Change-Management & Skalierung;tuev;TÜV-Fragenpool;;;;04;Daten, Change-Management & Skalierung;Ein global agierendes Unternehmen möchte Daten-Governance einführen. Welche Maßnahmen sind zielführend?;4;3;Komplex;;KIB_Fragenpool_Juni_2026.pdf · Daten_Change-Management_Skalierung_04;;Aufgrund global unterschiedlicher Richtlinien zu Dokumentation & DSGVO kann auf Governance-Maßnahmen verzichtet werden;Definition von Rollen wie Data Steward oder Data Owner;Aufbau klarer Richtlinien für Datenzugriff und -nutzung;Regelmäßige Audits zur Sicherung von Compliance und Standards;B, C, D
KI-Beauftragter (TÜV-Fragenpool);;Daten, Change-Management & Skalierung;tuev;TÜV-Fragenpool;;;;05;Daten, Change-Management & Skalierung;Ein Unternehmen führt KI-gestützte Prozesse ein. Wie kann man mit Widerständen von Mitarbeitenden konstruktiv umgehen?;4;2;Mittel;;KIB_Fragenpool_Juni_2026.pdf · Daten_Change-Management_Skalierung_05;;FAQs in das firmeninterne Intranet stellen;Offene Kommunikation über Chancen und Risiken;Sanktionen gegen Mitarbeitende, die regelmäßige Bedenken äußern;Einbindung der Belegschaft in Pilotprojekte und Feedbackrunden;B, D
KI-Beauftragter (TÜV-Fragenpool);;Daten, Change-Management & Skalierung;tuev;TÜV-Fragenpool;;;;06;Daten, Change-Management & Skalierung;Welche Maßnahmen gehören in einen fundierten Change-Management-Plan für die Einführung von KI?;4;2;Mittel;;KIB_Fragenpool_Juni_2026.pdf · Daten_Change-Management_Skalierung_06;;Freiwilliges Schulungsangebot um Mitarbeitenden die Wahl zu geben, ob sie sich zu KI schulen lassen;Qualifizierungsangebote für betroffene Mitarbeitende;Klarer Verzicht auf eine Roadmap um flexibel auf Anfragen der Mitarbeitenden eingehen zu können;Klare Roadmap mit Phasen und Verantwortlichkeiten;B, D
KI-Beauftragter (TÜV-Fragenpool);;Daten, Change-Management & Skalierung;tuev;TÜV-Fragenpool;;;;07;Daten, Change-Management & Skalierung;Wie unterstützt die Führungsebene ein erfolgreiches Change-Management bei KI-Projekten?;4;2;Mittel;;KIB_Fragenpool_Juni_2026.pdf · Daten_Change-Management_Skalierung_07;;Vollständige Delegation an die KI-Beauftragten;Vorleben einer offenen, lernorientierten Kultur;Vermeidung von Kommunikation über mehrere Hierarchieebenen hinweg;Bereitstellung von Ressourcen und aktiver Rückhalt;B, D
KI-Beauftragter (TÜV-Fragenpool);;Daten, Change-Management & Skalierung;tuev;TÜV-Fragenpool;;;;08;Daten, Change-Management & Skalierung;Welche Fehler im Change-Management gefährden die erfolgreiche Einführung von KI am meisten?;4;2;Mittel;;KIB_Fragenpool_Juni_2026.pdf · Daten_Change-Management_Skalierung_08;;Ignorieren von Feedback und Sorgen der Mitarbeitenden;Unklare Kommunikation der Projektziele;Aufbau von Multiplikatoren im Unternehmen;Aktive Einbindung von Stakeholder:innen;A, B
KI-Beauftragter (TÜV-Fragenpool);;Daten, Change-Management & Skalierung;tuev;TÜV-Fragenpool;;;;09;Daten, Change-Management & Skalierung;Ein Unternehmen plant die Einführung von KI. Welche Elemente gehören zwingend in eine Roadmap?;4;2;Mittel;;KIB_Fragenpool_Juni_2026.pdf · Daten_Change-Management_Skalierung_09;;Eine klare Berechnung, wie viele Arbeitsplätze durch den KI-Einsatz eingespart werden können um dem Fachkräftemangel zu begegnen;Zeitliche Meilensteine mit klaren Zielen;Verzicht auf Ressourcenplanung, um flexibel zu bleiben;Verantwortlichkeiten für jede Projektphase;B, D
KI-Beauftragter (TÜV-Fragenpool);;Daten, Change-Management & Skalierung;tuev;TÜV-Fragenpool;;;;10;Daten, Change-Management & Skalierung;Welche Kriterien sollten Unternehmen prüfen, bevor sie ein KI-Tool auswählen?;4;2;Mittel;;KIB_Fragenpool_Juni_2026.pdf · Daten_Change-Management_Skalierung_10;;Datenschutz- und Compliance-Konformität;Benutzerfreundlichkeit und Integrationsfähigkeit;Die Beliebtheit des Tools in branchenspezifischen Foren;Verfügbarkeit von kostenlosen Testversionen als einziges Auswahlkriterium;A, B
KI-Beauftragter (TÜV-Fragenpool);;Daten, Change-Management & Skalierung;tuev;TÜV-Fragenpool;;;;11;Daten, Change-Management & Skalierung;Was für Schritte sind sinnvoll, wenn ein erfolgreiches Pilotprojekt auf das gesamte Unternehmen skaliert werden soll?;4;2;Mittel;;KIB_Fragenpool_Juni_2026.pdf · Daten_Change-Management_Skalierung_11;;Ein Testzeitraum ohne KPI-Tracking um überhaupt erst mal herauszufinden, welche KPIs hier relevant sind;Schrittweises Vorgehen mit Pilot-Rollouts;Anpassung der Lösung an verschiedene Geschäftsbereiche;Verzicht auf Schulungsmaßnahmen, wenn Pilotprojekt erfolgreich war;B, C
KI-Beauftragter (TÜV-Fragenpool);;Daten, Change-Management & Skalierung;tuev;TÜV-Fragenpool;;;;12;Daten, Change-Management & Skalierung;Ein Unternehmen skaliert zu schnell ein KI-System und stößt auf Probleme. Welche typischen Fehler könnten hier vorliegen?;4;2;Mittel;;KIB_Fragenpool_Juni_2026.pdf · Daten_Change-Management_Skalierung_12;;Gründliche Analyse von Risiken vor Rollout;Fehlende Abstimmung zwischen Fachabteilungen;Unzureichende Anpassung an lokale rechtliche Rahmenbedingungen;Klar definierte Eskalationswege bei Problemen;B, C
KI-Beauftragter (TÜV-Fragenpool);;ISO 42001;tuev;TÜV-Fragenpool;;;;01;ISO 42001;Welche Aussage trifft im Kern die Zielsetzung der ISO/IEC 42001?;4;1;Einfach;;KIB_Fragenpool_Juni_2026.pdf · ISO 42001_01;;Ersetzt ISO 9001 und ISO/IEC 27001 als übergeordnete Rahmennorm;Gilt ausschließlich für Anbieter:innen von Hochrisiko-KI im Sinne des EU AI Act;Etabliert Anforderungen an ein KI-Managementsystem (AIMS) nach dem PDCA-Prinzip für verantwortliche Entwicklung, Bereitstellung und Nutzung von KI;Legt verbindliche technische Mindestgenauigkeiten und Benchmarks für alle ML-Modelle branchenübergreifend fest;C
KI-Beauftragter (TÜV-Fragenpool);;ISO 42001;tuev;TÜV-Fragenpool;;;;02;ISO 42001;Welche Aktivitäten sind im Abschnitt „Planung“ eines KI-Managementsystems (AIMS) nach ISO/IEC 42001 zentral?;4;2;Mittel;;KIB_Fragenpool_Juni_2026.pdf · ISO 42001_02;;Systematische Identifikation und Bewertung KI-spezifischer Risiken sowie Festlegung geeigneter Behandlungsmaßnahmen;Stakeholder-Analyse ist optional und nur bei externen Nutzergruppen relevant;Ableitung messbarer Ziele für das AIMS und Planung von Maßnahmen, Verantwortlichkeiten und Ressourcen zu deren Erreichung;Priorisierung ausschließlich finanzieller KPIs, ethische Aspekte werden außerhalb des AIMS in freiwilligen Kodizes behandelt;A, C
KI-Beauftragter (TÜV-Fragenpool);;ISO 42001;tuev;TÜV-Fragenpool;;;;03;ISO 42001;Welche Arten von Dokumentation fordert die ISO/IEC 42001 für ein wirksames KI-Managementsystem (AIMS)?;4;3;Komplex;;KIB_Fragenpool_Juni_2026.pdf · ISO 42001_03;;Nachweise über Kompetenzentwicklung, Schulungen und Awareness-Maßnahmen im Zusammenhang mit KI;Eine formale KI-Policy, die Ziele, Prinzipien und Verantwortlichkeiten im Umgang mit KI festlegt;Protokollierte Ergebnisse von Verifikation, Validierung und Monitoring eingesetzter KI-Systeme;Vollständige Aufzeichnung sämtlicher Unternehmensentscheidungen unabhängig vom Bezug zu KI-Systemen;A, B, C
KI-Beauftragter (TÜV-Fragenpool);;ISO 42001;tuev;TÜV-Fragenpool;;;;04;ISO 42001;Welche Verantwortlichkeiten hat die oberste Leitung im Rahmen der ISO/IEC 42001?;4;3;Komplex;;KIB_Fragenpool_Juni_2026.pdf · ISO 42001_04;;Sicherstellung ausreichender Ressourcen für das AIMS;Verabschiedung und Kommunikation einer unternehmensweiten KI-Policy;Definition klarer Rollen, Verantwortlichkeiten und Kommunikationswege;Delegation von wichtigen Governance-Aufgaben an externe Auditoren;A, B, C
KI-Beauftragter (TÜV-Fragenpool);;ISO 42001;tuev;TÜV-Fragenpool;;;;05;ISO 42001;Welche Vorgehensweisen beschreibt die ISO/IEC 42001 im Zusammenhang mit Risiko- und Impact-Assessments für KI-Systeme?;4;2;Mittel;;KIB_Fragenpool_Juni_2026.pdf · ISO 42001_05;;Dokumentation der Ergebnisse in nachvollziehbarer Form, sodass diese regelmäßig in Management-Reviews und bei Audits berücksichtigt werden können;Ausschluss ethischer Risiken aus der Betrachtung, da diese nicht messbar und daher für ein AIMS irrelevant sind;Durchführung strukturierter Bewertungen, um mögliche Auswirkungen von KI-Systemen auf betroffene Personen, Geschäftsprozesse und rechtliche Anforderungen zu identifizieren;Fokussierung auf kurzfristige wirtschaftliche Vorteile, da diese im Standard als vorrangiges, risikoarmes Kriterium genannt werden;A, C
KI-Beauftragter (TÜV-Fragenpool);;EU AI Act;tuev;TÜV-Fragenpool;;;;01;EU AI Act;Wann ist für Anbieter:innen eines Hochrisiko-KI-Systems, das in Anhang III aufgeführt ist (eigenständiges KI-System), die zwingende Beteiligung einer notifizierten Stelle (Konformitätsbewertungsverfahren gemäß Anhang VII) vorgeschrieben?;4;1;Einfach;;KIB_Fragenpool_Juni_2026.pdf · EU AI Act_01;;Wenn das KI-System in einem der Bereiche gemäß Anhang III Nummern 2 bis 8 (z. B. Beschäftigung oder Kritische Infrastruktur) eingesetzt wird.;Wenn das KI-System in Anhang III Nummer 1 (Biometrie) aufgeführt ist und die Anbieter:innen weder harmonisierte Normen noch gemeinsame Spezifikationen vollständig angewandt haben.;Wenn das KI-System eine wesentliche Veränderung erfährt, nachdem es bereits in Verkehr gebracht wurde, unabhängig von seiner ursprünglichen Einstufung.;Wenn das KI-System dazu bestimmt ist, in einem Verfahren eine eng gefasste Verfahrensaufgabe zu erfüllen.;B
KI-Beauftragter (TÜV-Fragenpool);;EU AI Act;tuev;TÜV-Fragenpool;;;;02;EU AI Act;Welche der folgenden Aussagen zur Dokumentations- und Überwachungspflicht der Anbieter:innen von Hochrisiko-KI-Systemen sind nach dem AI Act zutreffend?;4;2;Mittel;;KIB_Fragenpool_Juni_2026.pdf · EU AI Act_02;;Kleinste Unternehmen (Kleinstunternehmen) und KMU können ein vereinfachtes Formular für die technische Dokumentation verwenden, um den Verwaltungsaufwand zu minimieren.;Das System zur Beobachtung nach dem Inverkehrbringen muss auch sensible operative Daten von Betreiber:innen von KI-Systemen, die Strafverfolgungsbehörden sind, erfassen und analysieren.;Die technische Dokumentation muss vor dem Inverkehrbringen erstellt und regelmäßig aktualisiert werden, wobei ihr Inhalt mindestens die in Anhang IV genannten Informationen umfassen muss.;Die automatisch erzeugten Protokolle (Logs) müssen, soweit sie der Kontrolle der Anbieter:innen unterliegen, für einen Zeitraum von mindestens zehn Jahren aufbewahrt werden.;A, C
KI-Beauftragter (TÜV-Fragenpool);;EU AI Act;tuev;TÜV-Fragenpool;;;;03;EU AI Act;Welche der folgenden KI-Praktiken sind gemäß dem AI Act grundsätzlich verboten?;4;3;Komplex;;KIB_Fragenpool_Juni_2026.pdf · EU AI Act_03;;Das Inverkehrbringen eines KI-Systems zur biometrischen Kategorisierung, das anhand der biometrischen Daten einer natürlichen Person auf deren Gewerkschaftszugehörigkeit schließen oder diese ableiten soll.;KI-Systeme, die soziale Bewertung (Social Scoring) natürlicher Personen oder Personengruppen bereitstellen und zu einer Schlechterstellung in sozialen Kontexten führen, die in keinem Zusammenhang zu den Umständen der Datenerhebung stehen.;Die gezielte Suche nach bestimmten Opfern von Menschenhandel mithilfe biometrischer Echtzeit-Fernidentifizierungssysteme in öffentlich zugänglichen Räumen, sofern dies die strengen Genehmigungsvoraussetzungen erfüllt.;KI-Systeme, die darauf abzielen, das Verhalten einer Person maßgeblich nachteilig zu beeinflussen, indem sie unterschwellige oder manipulativere Techniken einsetzen, um erhebliche Schäden zu verursachen.;A, B, D
KI-Beauftragter (TÜV-Fragenpool);;EU AI Act;tuev;TÜV-Fragenpool;;;;04;EU AI Act;Ein:e Akteur:in in der KI-Wertschöpfungskette (Händler:in, Einführer:in oder Betreiber:in) wird im Sinne des AI Act als Anbieter:in betrachtet und muss dessen Pflichten übernehmen, wenn diese:r eine der folgenden Handlungen vornimmt:;4;1;Einfach;;KIB_Fragenpool_Juni_2026.pdf · EU AI Act_04;;Ein:e Akteur:in führt als Einführer:in vor der Bereitstellung auf dem Markt die Überprüfung der Konformität des Systems mit der CE-Kennzeichnung durch.;Ein:e Akteur:in entwickelt ein KI-Modell mit allgemeinem Verwendungszweck (GPAI) und stellt es in der Union in Verkehr.;Ein:e Akteur:in nimmt eine wesentliche Veränderung an einem Hochrisiko-KI-System vor, das bereits in Verkehr gebracht oder in Betrieb genommen wurde, sodass es weiterhin ein Hochrisiko-KI-System bleibt.;Ein:e Akteur:in führt als Betreiber:in eine Grundrechte-Folgenabschätzung durch, bevor diese:r ein Hochrisiko-KI-System in Betrieb nimmt.;C
KI-Beauftragter (TÜV-Fragenpool);;EU AI Act;tuev;TÜV-Fragenpool;;;;05;EU AI Act;Welche der folgenden Pflichten gelten für Anbieter:innen von KI-Modellen mit allgemeinem Verwendungszweck (GPAI) gemäß den Bestimmungen über Transparenz und systemische Risiken?;4;2;Mittel;;KIB_Fragenpool_Juni_2026.pdf · EU AI Act_05;;Erreicht das Modell den Schwellenwert von 10²⁵ Gleitkommaoperationen, wird es automatisch und unwiderruflich als Modell mit systemischem Risiko eingestuft, eine Widerlegung dieser Vermutung durch die Anbieter:innen ist gesetzlich ausgeschlossen.;Die technische Dokumentation muss mindestens die Architektur, die Anzahl der Parameter und die Modalitäten des Modells enthalten, sofern dies im Hinblick auf Größe und Risikoprofil angemessen ist.;Sie müssen eine Strategie zur Einhaltung des Unions-Urheberrechts einführen, insbesondere zur Beachtung geltend gemachter Rechtsvorbehalte nach der Richtlinie (EU) 2019/790.;Anbieter:innen von KI-Modellen, die unter freie und quelloffene Lizenzen fallen, sind von allen in Artikel 53 festgelegten Transparenz- und Dokumentationspflichten befreit.;B, C
